sensor_id,n_observations,first_obs,last_obs,max_gap_hours,gaps_over_4h
1,11133,2024-08-13 00:00:00,2026-08-05 03:00:00,5739.0,5
131,15493,2024-08-13 00:00:00,2026-08-05 03:00:00,1034.0,10
42,15710,2024-08-13 00:00:00,2026-08-05 02:00:00,796.0,40
19,16768,2024-08-13 00:00:00,2026-08-05 03:00:00,550.0,1
141,16538,2024-08-13 00:00:00,2026-08-05 03:00:00,428.0,43
77,16172,2024-09-03 13:00:00,2026-08-05 03:00:00,416.0,1
14,14811,2024-08-13 00:00:00,2026-08-01 18:00:00,402.0,154
53,16585,2024-08-13 00:00:00,2026-08-05 02:00:00,388.0,2
43,15340,2024-08-13 00:00:00,2026-08-05 01:00:00,356.0,53
136,12614,2024-08-13 06:00:00,2026-08-04 19:00:00,332.0,562
75,14133,2024-08-13 00:00:00,2026-08-05 02:00:00,328.0,278
39,14060,2024-08-13 00:00:00,2026-08-05 02:00:00,215.0,423
143,16889,2024-08-13 00:00:00,2026-08-05 03:00:00,161.0,11
185,9092,2025-07-05 11:00:00,2026-08-05 03:00:00,153.0,6
142,14139,2024-08-13 00:00:00,2026-08-05 02:00:00,136.0,357
45,16722,2024-08-13 00:00:00,2026-08-05 03:00:00,119.0,53
48,11309,2024-08-13 00:00:00,2026-08-05 03:00:00,111.0,596
4,17142,2024-08-13 00:00:00,2026-08-05 03:00:00,105.0,2
56,16582,2024-08-13 00:00:00,2026-08-05 02:00:00,99.0,50
41,17052,2024-08-13 00:00:00,2026-08-04 21:00:00,97.0,9
140,9468,2024-08-13 06:00:00,2026-08-04 17:00:00,95.0,722
46,11718,2024-08-29 11:00:00,2026-08-04 21:00:00,94.0,679
18,14774,2024-08-13 06:00:00,2026-08-05 00:00:00,92.0,227
133,17161,2024-08-13 00:00:00,2026-08-05 03:00:00,89.0,4
54,16731,2024-08-13 00:00:00,2026-08-05 03:00:00,84.0,20
24,17075,2024-08-13 00:00:00,2026-08-05 03:00:00,83.0,11
66,17196,2024-08-13 00:00:00,2026-08-05 03:00:00,78.0,2
29,16889,2024-08-13 00:00:00,2026-08-04 10:00:00,73.0,21
40,16923,2024-08-13 00:00:00,2026-08-05 03:00:00,72.0,5
79,17154,2024-08-13 00:00:00,2026-08-05 03:00:00,69.0,9
118,13518,2024-08-13 00:00:00,2026-08-04 23:00:00,55.0,652
137,12660,2024-08-13 06:00:00,2026-08-04 23:00:00,53.0,672
117,16970,2024-08-13 00:00:00,2026-08-05 01:00:00,49.0,5
124,4974,2024-12-28 07:00:00,2026-08-04 07:00:00,46.0,609
25,16804,2024-08-13 00:00:00,2026-08-05 03:00:00,24.0,24
2,17251,2024-08-13 00:00:00,2026-08-05 03:00:00,24.0,3
181,11677,2025-04-02 09:00:00,2026-08-05 03:00:00,24.0,3
84,17251,2024-08-13 00:00:00,2026-08-05 03:00:00,24.0,3
166,14183,2024-10-02 10:00:00,2026-08-05 02:00:00,23.0,143
27,17114,2024-08-13 00:00:00,2026-08-05 03:00:00,22.0,9
71,15765,2024-08-13 01:00:00,2026-08-05 00:00:00,22.0,42
107,17167,2024-08-13 00:00:00,2026-08-05 02:00:00,22.0,3
138,9218,2024-08-13 07:00:00,2026-08-04 17:00:00,16.0,731
180,9132,2025-03-18 09:00:00,2026-08-04 22:00:00,15.0,474
58,16942,2024-08-25 15:00:00,2026-08-05 03:00:00,15.0,9
123,10128,2024-08-13 06:00:00,2026-08-04 17:00:00,15.0,723
8,14470,2024-08-13 00:00:00,2026-08-04 21:00:00,14.0,343
161,13498,2024-08-13 06:00:00,2026-08-05 02:00:00,14.0,448
134,17275,2024-08-13 00:00:00,2026-08-05 03:00:00,14.0,6
130,13071,2024-08-13 07:00:00,2026-08-05 00:00:00,14.0,645
187,6625,2025-10-25 10:00:00,2026-08-05 02:00:00,14.0,9
188,4575,2025-10-24 10:00:00,2026-08-04 20:00:00,12.0,284
37,11638,2024-08-13 00:00:00,2026-08-05 01:00:00,11.0,609
109,17281,2024-08-13 00:00:00,2026-08-05 03:00:00,10.0,3
69,15422,2024-08-13 04:00:00,2026-08-05 02:00:00,10.0,133
68,15213,2024-08-13 06:00:00,2026-08-05 00:00:00,10.0,202
167,15896,2024-08-21 10:00:00,2026-08-05 00:00:00,10.0,65
44,15031,2024-08-13 00:00:00,2026-08-05 01:00:00,9.0,253
165,15373,2024-08-21 15:00:00,2026-08-05 00:00:00,9.0,154
72,17094,2024-08-13 00:00:00,2026-08-05 01:00:00,9.0,9
76,14323,2024-08-13 05:00:00,2026-08-04 23:00:00,8.0,412
86,14666,2024-08-13 01:00:00,2026-08-04 23:00:00,8.0,299
67,17278,2024-08-13 00:00:00,2026-08-05 03:00:00,8.0,3
87,16164,2024-08-13 00:00:00,2026-08-05 00:00:00,8.0,21
12,15755,2024-08-13 00:00:00,2026-08-05 00:00:00,8.0,164
47,17299,2024-08-13 00:00:00,2026-08-05 03:00:00,8.0,3
11,16105,2024-08-13 00:00:00,2026-08-05 00:00:00,7.0,49
10,15753,2024-08-13 00:00:00,2026-08-05 00:00:00,7.0,87
61,17299,2024-08-13 00:00:00,2026-08-05 03:00:00,7.0,3
49,17277,2024-08-13 00:00:00,2026-08-05 03:00:00,7.0,6
85,14904,2024-08-13 00:00:00,2026-08-05 00:00:00,7.0,311
5,17290,2024-08-13 00:00:00,2026-08-05 03:00:00,6.0,3
162,17299,2024-08-13 00:00:00,2026-08-05 03:00:00,6.0,3
139,15634,2024-08-13 05:00:00,2026-08-05 02:00:00,6.0,127
50,16644,2024-08-13 00:00:00,2026-08-04 23:00:00,6.0,16
70,16038,2024-08-13 00:00:00,2026-08-05 03:00:00,6.0,32
20,17290,2024-08-13 00:00:00,2026-08-05 03:00:00,6.0,3
135,17311,2024-08-13 00:00:00,2026-08-05 03:00:00,5.0,3
63,17205,2024-08-13 00:00:00,2026-08-05 03:00:00,5.0,3
30,17305,2024-08-13 00:00:00,2026-08-05 03:00:00,4.0,0
9,17191,2024-08-13 00:00:00,2026-08-05 03:00:00,4.0,0
59,17311,2024-08-13 00:00:00,2026-08-05 03:00:00,4.0,0
179,13749,2024-12-27 10:00:00,2026-08-05 02:00:00,4.0,0
6,17012,2024-08-13 00:00:00,2026-08-05 03:00:00,4.0,0
164,16660,2024-08-21 10:00:00,2026-08-05 03:00:00,4.0,0
52,17196,2024-08-13 00:00:00,2026-08-05 01:00:00,4.0,0
36,17259,2024-08-13 00:00:00,2026-08-05 01:00:00,3.0,0
23,17314,2024-08-13 00:00:00,2026-08-05 03:00:00,3.0,0
31,17165,2024-08-13 00:00:00,2026-08-05 02:00:00,3.0,0
21,17274,2024-08-14 08:00:00,2026-08-05 03:00:00,2.0,0
17,17277,2024-08-13 00:00:00,2026-08-05 03:00:00,2.0,0
3,17326,2024-08-13 00:00:00,2026-08-05 03:00:00,2.0,0
35,17326,2024-08-13 00:00:00,2026-08-05 03:00:00,2.0,0
108,16660,2024-08-13 00:00:00,2026-07-08 18:00:00,2.0,0
51,17317,2024-08-13 00:00:00,2026-08-05 03:00:00,2.0,0
62,17326,2024-08-13 00:00:00,2026-08-05 03:00:00,2.0,0
132,17317,2024-08-13 00:00:00,2026-08-05 03:00:00,2.0,0
182,11345,2025-04-19 08:00:00,2026-08-05 03:00:00,2.0,0
184,9495,2025-07-05 10:00:00,2026-08-05 03:00:00,2.0,0
209,17326,2024-08-13 00:00:00,2026-08-05 03:00:00,2.0,0
